vid,category,mos,width,height,pixfmt,framerate,nb_frames,bitdepth,bitrate
G1AbandonedKingdom_ERP_7680x3840_fps30_qp27_45406k,G1AbandonedKingdom,58.51097971,7680,3840,yuv420p,30.0,300,8,45411944
G1AbandonedKingdom_ERP_7680x3840_fps30_qp37_9283k,G1AbandonedKingdom,50.96100444,7680,3840,yuv420p,30.0,300,8,9288089
G1AbandonedKingdom_ERP_7680x3840_fps30_qp42_4140k,G1AbandonedKingdom,43.32113248,7680,3840,yuv420p,30.0,300,8,4144835
G1AbandonedKingdom_RCMP_5760x3840_fps30_qp27_39229k,G1AbandonedKingdom,59.42921425,7680,3840,yuv420p,30.0,300,8,48225496
G1AbandonedKingdom_RCMP_5760x3840_fps30_qp37_7076k,G1AbandonedKingdom,50.60039519,7680,3840,yuv420p,30.0,300,8,43576969
G1AbandonedKingdom_RCMP_5760x3840_fps30_qp42_2901k,G1AbandonedKingdom,43.51786062,7680,3840,yuv420p,30.0,300,8,41081032
G1AbandonedKingdom_TSP_7680x3840_fps30_qp27_32650k,G1AbandonedKingdom,59.84183463,7680,3840,yuv420p,30.0,300,8,43901355
G1AbandonedKingdom_TSP_7680x3840_fps30_qp37_6374k,G1AbandonedKingdom,52.01724575,7680,3840,yuv420p,30.0,300,8,41183567
G1AbandonedKingdom_TSP_7680x3840_fps30_qp42_2878k,G1AbandonedKingdom,38.5784208,7680,3840,yuv420p,30.0,300,8,39688834
G1Aerial_ERP_7680x3840_fps25_qp27_18646k,G1Aerial,65.51097166,7680,3840,yuv420p,25.0,300,8,18650725
G1Aerial_ERP_7680x3840_fps25_qp37_3307k,G1Aerial,50.58662375,7680,3840,yuv420p,25.0,300,8,3311534
G1Aerial_ERP_7680x3840_fps25_qp42_1216k,G1Aerial,45.13796344,7680,3840,yuv420p,25.0,300,8,1220235
G1Aerial_RCMP_5760x3840_fps25_qp27_13665k,G1Aerial,65.50441088,7680,3840,yuv420p,25.0,300,8,33922274
G1Aerial_RCMP_5760x3840_fps25_qp37_2092k,G1Aerial,52.16527806,7680,3840,yuv420p,25.0,300,8,25251780
G1Aerial_RCMP_5760x3840_fps25_qp42_658k,G1Aerial,25.94594717,7680,3840,yuv420p,25.0,300,8,18947322
G1Aerial_TSP_7680x3840_fps25_qp27_16904k,G1Aerial,61.0665697,7680,3840,yuv420p,25.0,300,8,32070028
G1Aerial_TSP_7680x3840_fps25_qp37_2794k,G1Aerial,56.16036096,7680,3840,yuv420p,25.0,300,8,24936392
G1Aerial_TSP_7680x3840_fps25_qp42_1039k,G1Aerial,45.48966232,7680,3840,yuv420p,25.0,300,8,19851444
G1BajaCalifonia_ERP_3840x2160_fps23.976_qp27_41186k,G1BajaCalifonia,59.09657515,3840,2160,yuv420p,23.976,345,8,41189715
G1BajaCalifonia_ERP_3840x2160_fps23.976_qp37_12633k,G1BajaCalifonia,55.65626805,3840,2160,yuv420p,23.976,345,8,12636952
G1BajaCalifonia_ERP_3840x2160_fps23.976_qp42_5570k,G1BajaCalifonia,47.4199722,3840,2160,yuv420p,23.976,345,8,5573515
G1BajaCalifonia_RCMP_2880x1920_fps23.976_qp27_33080k,G1BajaCalifonia,61.30831596,3840,1920,yuv420p,23.976,345,8,33230534
G1BajaCalifonia_RCMP_2880x1920_fps23.976_qp37_8676k,G1BajaCalifonia,56.65675092,3840,1920,yuv420p,23.976,345,8,29141147
G1BajaCalifonia_RCMP_2880x1920_fps23.976_qp42_3571k,G1BajaCalifonia,45.19411412,3840,1920,yuv420p,23.976,345,8,24700526
G1BajaCalifonia_TSP_3840x1920_fps23.976_qp27_29617k,G1BajaCalifonia,63.66107501,3840,1920,yuv420p,23.976,345,8,30047756
G1BajaCalifonia_TSP_3840x1920_fps23.976_qp37_8309k,G1BajaCalifonia,60.14933041,3840,1920,yuv420p,23.976,345,8,26323366
G1BajaCalifonia_TSP_3840x1920_fps23.976_qp42_3562k,G1BajaCalifonia,49.7058018,3840,1920,yuv420p,23.976,345,8,22081105
G1BikingToWork_ERP_3840x2160_fps23.976_qp27_12306k,G1BikingToWork,51.13280688,3840,2160,yuv420p,23.976,400,8,12309360
G1BikingToWork_ERP_3840x2160_fps23.976_qp37_3596k,G1BikingToWork,51.2180391,3840,2160,yuv420p,23.976,400,8,3599575
G1BikingToWork_ERP_3840x2160_fps23.976_qp42_1855k,G1BikingToWork,37.78674093,3840,2160,yuv420p,23.976,400,8,1858818
G1BikingToWork_RCMP_2880x1920_fps23.976_qp27_9939k,G1BikingToWork,59.66643218,3840,1920,yuv420p,23.976,400,8,15900619
G1BikingToWork_RCMP_2880x1920_fps23.976_qp37_2889k,G1BikingToWork,52.62278396,3840,1920,yuv420p,23.976,400,8,15313685
G1BikingToWork_RCMP_2880x1920_fps23.976_qp42_1484k,G1BikingToWork,38.35128832,3840,1920,yuv420p,23.976,400,8,14843087
G1BikingToWork_TSP_3840x1920_fps23.976_qp27_10985k,G1BikingToWork,57.57951768,3840,1920,yuv420p,23.976,400,8,15609054
G1BikingToWork_TSP_3840x1920_fps23.976_qp37_3252k,G1BikingToWork,55.95736224,3840,1920,yuv420p,23.976,400,8,15082417
G1BikingToWork_TSP_3840x1920_fps23.976_qp42_1680k,G1BikingToWork,43.51226952,3840,1920,yuv420p,23.976,400,8,14461253
G1LandSalt_ERP_6144x3072_fps29.97_qp27_9229k,G1LandSalt,66.46225983,6144,3072,yuv420p,29.97,330,8,9234020
G1LandSalt_ERP_6144x3072_fps29.97_qp37_2048k,G1LandSalt,55.67569306,6144,3072,yuv420p,29.97,330,8,2053011
G1LandSalt_ERP_6144x3072_fps29.97_qp42_880k,G1LandSalt,29.48862457,6144,3072,yuv420p,29.97,330,8,884812
G1LandSalt_RCMP_4608x3072_fps29.97_qp27_8296k,G1LandSalt,66.28804586,6144,3072,yuv420p,29.97,330,8,14990585
G1LandSalt_RCMP_4608x3072_fps29.97_qp37_1961k,G1LandSalt,52.29849871,6144,3072,yuv420p,29.97,330,8,9967397
G1LandSalt_RCMP_4608x3072_fps29.97_qp42_838k,G1LandSalt,25.82703439,6144,3072,yuv420p,29.97,330,8,7558829
G1LandSalt_TSP_6144x3072_fps29.97_qp27_7639k,G1LandSalt,62.21393078,6144,3072,yuv420p,29.97,330,8,13753369
G1LandSalt_TSP_6144x3072_fps29.97_qp37_1588k,G1LandSalt,55.69207095,6144,3072,yuv420p,29.97,330,8,8584912
G1LandSalt_TSP_6144x3072_fps29.97_qp42_715k,G1LandSalt,32.29041324,6144,3072,yuv420p,29.97,330,8,6474596
G1LateShow_ERP_3840x2160_fps23.976_qp27_11724k,G1LateShow,58.82061939,3840,2160,yuv420p,23.976,470,8,11727696
G1LateShow_ERP_3840x2160_fps23.976_qp37_2051k,G1LateShow,40.45129275,3840,2160,yuv420p,23.976,470,8,2053900
G1LateShow_ERP_3840x2160_fps23.976_qp42_858k,G1LateShow,31.50088614,3840,2160,yuv420p,23.976,470,8,860876
G1LateShow_RCMP_2880x1920_fps23.976_qp27_8163k,G1LateShow,52.47218438,3840,1920,yuv420p,23.976,470,8,9994097
G1LateShow_RCMP_2880x1920_fps23.976_qp37_1330k,G1LateShow,33.92950085,3840,1920,yuv420p,23.976,470,8,7658564
G1LateShow_RCMP_2880x1920_fps23.976_qp42_567k,G1LateShow,21.60739559,3840,1920,yuv420p,23.976,470,8,6059209
G1LateShow_TSP_3840x1920_fps23.976_qp27_8334k,G1LateShow,59.98836174,3840,1920,yuv420p,23.976,470,8,8642078
G1LateShow_TSP_3840x1920_fps23.976_qp37_1507k,G1LateShow,49.83541799,3840,1920,yuv420p,23.976,470,8,6886485
G1LateShow_TSP_3840x1920_fps23.976_qp42_610k,G1LateShow,34.13644957,3840,1920,yuv420p,23.976,470,8,5412071
G2AstonVillaGoal_ERP_3840x2048_fps24_qp27_11596k,G2AstonVillaGoal,59.69662945,3840,2048,yuv420p,24.0,540,8,11599536
G2AstonVillaGoal_ERP_3840x2048_fps24_qp37_2141k,G2AstonVillaGoal,44.43503872,3840,2048,yuv420p,24.0,540,8,2144135
G2AstonVillaGoal_ERP_3840x2048_fps24_qp42_872k,G2AstonVillaGoal,30.54120189,3840,2048,yuv420p,24.0,540,8,875228
G2AstonVillaGoal_RCMP_2880x1920_fps24_qp27_9516k,G2AstonVillaGoal,55.59400546,3840,1920,yuv420p,24.0,540,8,12164283
G2AstonVillaGoal_RCMP_2880x1920_fps24_qp37_1869k,G2AstonVillaGoal,36.76316563,3840,1920,yuv420p,24.0,540,8,9261978
G2AstonVillaGoal_RCMP_2880x1920_fps24_qp42_773k,G2AstonVillaGoal,24.42336371,3840,1920,yuv420p,24.0,540,8,7257437
G2AstonVillaGoal_TSP_3840x1920_fps24_qp27_9436k,G2AstonVillaGoal,55.15431866,3840,1920,yuv420p,24.0,540,8,10696700
G2AstonVillaGoal_TSP_3840x1920_fps24_qp37_2008k,G2AstonVillaGoal,45.55198321,3840,1920,yuv420p,24.0,540,8,8219599
G2AstonVillaGoal_TSP_3840x1920_fps24_qp42_895k,G2AstonVillaGoal,32.39804649,3840,1920,yuv420p,24.0,540,8,6776018
G2CougarsTreats_ERP_7680x3840_fps29.97_qp27_11017k,G2CougarsTreats,62.36031172,7680,3840,yuv420p,29.97,300,8,11022145
G2CougarsTreats_ERP_7680x3840_fps29.97_qp37_2178k,G2CougarsTreats,27.76535334,7680,3840,yuv420p,29.97,300,8,2183224
G2CougarsTreats_ERP_7680x3840_fps29.97_qp42_1757k,G2CougarsTreats,20.81715521,7680,3840,yuv420p,29.97,300,8,1762192
G2CougarsTreats_RCMP_5760x3840_fps29.97_qp27_9576k,G2CougarsTreats,61.19324606,7680,3840,yuv420p,29.97,300,8,22216610
G2CougarsTreats_RCMP_5760x3840_fps29.97_qp37_1906k,G2CougarsTreats,26.98978211,7680,3840,yuv420p,29.97,300,8,13325872
G2CougarsTreats_RCMP_5760x3840_fps29.97_qp42_1413k,G2CougarsTreats,21.08516256,7680,3840,yuv420p,29.97,300,8,10754869
G2CougarsTreats_TSP_7680x3840_fps29.97_qp27_13046k,G2CougarsTreats,64.39081011,7680,3840,yuv420p,29.97,300,8,21181955
G2CougarsTreats_TSP_7680x3840_fps29.97_qp37_2937k,G2CougarsTreats,44.76413585,7680,3840,yuv420p,29.97,300,8,14897420
G2CougarsTreats_TSP_7680x3840_fps29.97_qp42_1660k,G2CougarsTreats,28.65620285,7680,3840,yuv420p,29.97,300,8,11401163
G2ForgottenBook_ERP_7680x3840_fps30_qp27_41804k,G2ForgottenBook,59.23930501,7680,3840,yuv420p,30.0,300,8,41809185
G2ForgottenBook_ERP_7680x3840_fps30_qp37_9445k,G2ForgottenBook,58.01148957,7680,3840,yuv420p,30.0,300,8,9449901
G2ForgottenBook_ERP_7680x3840_fps30_qp42_4374k,G2ForgottenBook,48.54247649,7680,3840,yuv420p,30.0,300,8,4378904
G2ForgottenBook_RCMP_5760x3840_fps30_qp27_35526k,G2ForgottenBook,67.24186316,7680,3840,yuv420p,30.0,300,8,50893423
G2ForgottenBook_RCMP_5760x3840_fps30_qp37_7610k,G2ForgottenBook,51.63362607,7680,3840,yuv420p,30.0,300,8,48017335
G2ForgottenBook_RCMP_5760x3840_fps30_qp42_3391k,G2ForgottenBook,44.37831122,7680,3840,yuv420p,30.0,300,8,47019111
G2ForgottenBook_TSP_7680x3840_fps30_qp27_38082k,G2ForgottenBook,62.01116023,7680,3840,yuv420p,30.0,300,8,48970037
G2ForgottenBook_TSP_7680x3840_fps30_qp37_8728k,G2ForgottenBook,61.76399507,7680,3840,yuv420p,30.0,300,8,47310702
G2ForgottenBook_TSP_7680x3840_fps30_qp42_3934k,G2ForgottenBook,53.40887001,7680,3840,yuv420p,30.0,300,8,46705569
G2FormationPace_ERP_7680x3840_fps29.97_qp27_15300k,G2FormationPace,60.47348551,7680,3840,yuv420p,29.97,320,8,15305194
G2FormationPace_ERP_7680x3840_fps29.97_qp37_3823k,G2FormationPace,50.44148107,7680,3840,yuv420p,29.97,320,8,3828247
G2FormationPace_ERP_7680x3840_fps29.97_qp42_1749k,G2FormationPace,34.7105599,7680,3840,yuv420p,29.97,320,8,1753564
G2FormationPace_RCMP_5760x3840_fps29.97_qp27_13882k,G2FormationPace,59.66597765,7680,3840,yuv420p,29.97,320,8,29255059
G2FormationPace_RCMP_5760x3840_fps29.97_qp37_3560k,G2FormationPace,50.39724273,7680,3840,yuv420p,29.97,320,8,24700425
G2FormationPace_RCMP_5760x3840_fps29.97_qp42_1616k,G2FormationPace,32.89988907,7680,3840,yuv420p,29.97,320,8,20196678
G2FormationPace_TSP_7680x3840_fps29.97_qp27_12470k,G2FormationPace,61.14455505,7680,3840,yuv420p,29.97,320,8,27719604
G2FormationPace_TSP_7680x3840_fps29.97_qp37_2831k,G2FormationPace,47.59496514,7680,3840,yuv420p,29.97,320,8,22234988
G2FormationPace_TSP_7680x3840_fps29.97_qp42_1202k,G2FormationPace,31.69039978,7680,3840,yuv420p,29.97,320,8,17802314
G2HangtownMX_ERP_3840x2160_fps29.97_qp27_26305k,G2HangtownMX,63.87276402,3840,2160,yuv420p,29.97,400,8,26309718
G2HangtownMX_ERP_3840x2160_fps29.97_qp37_7064k,G2HangtownMX,57.36426134,3840,2160,yuv420p,29.97,400,8,7068133
G2HangtownMX_ERP_3840x2160_fps29.97_qp42_3193k,G2HangtownMX,52.61701768,3840,2160,yuv420p,29.97,400,8,3197537
G2HangtownMX_RCMP_2880x1920_fps29.97_qp27_24069k,G2HangtownMX,60.48189691,3840,1920,yuv420p,29.97,400,8,22247196
G2HangtownMX_RCMP_2880x1920_fps29.97_qp37_6145k,G2HangtownMX,53.60447087,3840,1920,yuv420p,29.97,400,8,21034050
G2HangtownMX_RCMP_2880x1920_fps29.97_qp42_2719k,G2HangtownMX,46.69447754,3840,1920,yuv420p,29.97,400,8,19308915
G2HangtownMX_TSP_3840x1920_fps29.97_qp27_26027k,G2HangtownMX,64.22330092,3840,1920,yuv420p,29.97,400,8,21268534
G2HangtownMX_TSP_3840x1920_fps29.97_qp37_7244k,G2HangtownMX,62.13312351,3840,1920,yuv420p,29.97,400,8,20159870
G2HangtownMX_TSP_3840x1920_fps29.97_qp42_3352k,G2HangtownMX,55.64401004,3840,1920,yuv420p,29.97,400,8,19009525
G2VictoriaFalls_ERP_3840x2048_fps23.976_qp27_24509k,G2VictoriaFalls,67.42797959,3840,2048,yuv420p,23.976,450,8,24512308
G2VictoriaFalls_ERP_3840x2048_fps23.976_qp37_6563k,G2VictoriaFalls,59.67249197,3840,2048,yuv420p,23.976,450,8,6566832
G2VictoriaFalls_ERP_3840x2048_fps23.976_qp42_2812k,G2VictoriaFalls,48.58223965,3840,2048,yuv420p,23.976,450,8,2815130
G2VictoriaFalls_RCMP_2880x1920_fps23.976_qp27_19501k,G2VictoriaFalls,63.82940834,3840,1920,yuv420p,23.976,450,8,21232519
G2VictoriaFalls_RCMP_2880x1920_fps23.976_qp37_4268k,G2VictoriaFalls,51.41024916,3840,1920,yuv420p,23.976,450,8,19127747
G2VictoriaFalls_RCMP_2880x1920_fps23.976_qp42_1690k,G2VictoriaFalls,39.99198388,3840,1920,yuv420p,23.976,450,8,16383350
G2VictoriaFalls_TSP_3840x1920_fps23.976_qp27_20870k,G2VictoriaFalls,66.01442561,3840,1920,yuv420p,23.976,450,8,19065987
G2VictoriaFalls_TSP_3840x1920_fps23.976_qp37_4881k,G2VictoriaFalls,56.3718333,3840,1920,yuv420p,23.976,450,8,17514570
G2VictoriaFalls_TSP_3840x1920_fps23.976_qp42_2125k,G2VictoriaFalls,52.23449992,3840,1920,yuv420p,23.976,450,8,15693396
G3BackcountrySkiing_ERP_3840x1920_fps25_qp27_19131k,G3BackcountrySkiing,53.57787201,3840,1920,yuv420p,25.0,400,8,19135388
G3BackcountrySkiing_ERP_3840x1920_fps25_qp37_4153k,G3BackcountrySkiing,47.96559253,3840,1920,yuv420p,25.0,400,8,4156716
G3BackcountrySkiing_ERP_3840x1920_fps25_qp42_1608k,G3BackcountrySkiing,32.01359463,3840,1920,yuv420p,25.0,400,8,1611896
G3BackcountrySkiing_RCMP_2880x1920_fps25_qp27_15973k,G3BackcountrySkiing,57.46438897,3840,1920,yuv420p,25.0,400,8,14896454
G3BackcountrySkiing_RCMP_2880x1920_fps25_qp37_3521k,G3BackcountrySkiing,46.64827438,3840,1920,yuv420p,25.0,400,8,13113243
G3BackcountrySkiing_RCMP_2880x1920_fps25_qp42_1350k,G3BackcountrySkiing,36.66843959,3840,1920,yuv420p,25.0,400,8,12026176
G3BackcountrySkiing_TSP_3840x1920_fps25_qp27_20563k,G3BackcountrySkiing,56.80886919,3840,1920,yuv420p,25.0,400,8,14117779
G3BackcountrySkiing_TSP_3840x1920_fps25_qp37_5199k,G3BackcountrySkiing,52.83014583,3840,1920,yuv420p,25.0,400,8,12859276
G3BackcountrySkiing_TSP_3840x1920_fps25_qp42_2098k,G3BackcountrySkiing,47.30777786,3840,1920,yuv420p,25.0,400,8,11866387
G3GetYoGurl_ERP_3840x1920_fps29.97_qp27_14177k,G3GetYoGurl,59.0220357,3840,1920,yuv420p,29.97,380,8,14181665
G3GetYoGurl_ERP_3840x1920_fps29.97_qp37_3395k,G3GetYoGurl,54.49241256,3840,1920,yuv420p,29.97,380,8,3399283
G3GetYoGurl_ERP_3840x1920_fps29.97_qp42_1688k,G3GetYoGurl,38.67827816,3840,1920,yuv420p,29.97,380,8,1692516
G3GetYoGurl_RCMP_2880x1920_fps29.97_qp27_13169k,G3GetYoGurl,63.13770741,3840,1920,yuv420p,29.97,380,8,16489026
G3GetYoGurl_RCMP_2880x1920_fps29.97_qp37_3089k,G3GetYoGurl,49.46757641,3840,1920,yuv420p,29.97,380,8,14158740
G3GetYoGurl_RCMP_2880x1920_fps29.97_qp42_1561k,G3GetYoGurl,43.210855,3840,1920,yuv420p,29.97,380,8,12279890
G3GetYoGurl_TSP_3840x1920_fps29.97_qp27_13891k,G3GetYoGurl,53.54011912,3840,1920,yuv420p,29.97,380,8,15978215
G3GetYoGurl_TSP_3840x1920_fps29.97_qp37_3479k,G3GetYoGurl,55.47771541,3840,1920,yuv420p,29.97,380,8,13655226
G3GetYoGurl_TSP_3840x1920_fps29.97_qp42_1760k,G3GetYoGurl,44.0668954,3840,1920,yuv420p,29.97,380,8,12014651
G3NoControl_ERP_7168x3584_fps30_qp27_34976k,G3NoControl,57.37121326,7168,3584,yuv420p,30.0,300,8,34979924
G3NoControl_ERP_7168x3584_fps30_qp37_10472k,G3NoControl,52.65369658,7168,3584,yuv420p,30.0,300,8,10475211
G3NoControl_ERP_7168x3584_fps30_qp42_5758k,G3NoControl,36.18550844,7168,3584,yuv420p,30.0,300,8,5761081
G3NoControl_RCMP_5376x3584_fps30_qp27_34949k,G3NoControl,59.06397284,7168,3584,yuv420p,30.0,300,8,48294535
G3NoControl_RCMP_5376x3584_fps30_qp37_9662k,G3NoControl,52.71404956,7168,3584,yuv420p,30.0,300,8,50904262
G3NoControl_RCMP_5376x3584_fps30_qp42_5132k,G3NoControl,41.89169424,7168,3584,yuv420p,30.0,300,8,53577858
G3NoControl_TSP_7168x3584_fps30_qp27_36984k,G3NoControl,62.2044216,7168,3584,yuv420p,30.0,300,8,47819208
G3NoControl_TSP_7168x3584_fps30_qp37_11283k,G3NoControl,61.14603609,7168,3584,yuv420p,30.0,300,8,51674415
G3NoControl_TSP_7168x3584_fps30_qp42_6381k,G3NoControl,53.60573354,7168,3584,yuv420p,30.0,300,8,55004164
G3Sailing49er_ERP_3840x2160_fps29.97_qp27_35857k,G3Sailing49er,63.36742985,3840,2160,yuv420p,29.97,500,8,35861839
G3Sailing49er_ERP_3840x2160_fps29.97_qp37_11792k,G3Sailing49er,56.49931103,3840,2160,yuv420p,29.97,500,8,11796596
G3Sailing49er_ERP_3840x2160_fps29.97_qp42_5815k,G3Sailing49er,47.2315807,3840,2160,yuv420p,29.97,500,8,5819199
G3Sailing49er_RCMP_2880x1920_fps29.97_qp27_33116k,G3Sailing49er,56.52793908,3840,1920,yuv420p,29.97,500,8,27058037
G3Sailing49er_RCMP_2880x1920_fps29.97_qp37_9845k,G3Sailing49er,54.86504728,3840,1920,yuv420p,29.97,500,8,26002727
G3Sailing49er_RCMP_2880x1920_fps29.97_qp42_4707k,G3Sailing49er,45.07585,3840,1920,yuv420p,29.97,500,8,24410705
G3Sailing49er_TSP_3840x1920_fps29.97_qp27_39058k,G3Sailing49er,55.15911906,3840,1920,yuv420p,29.97,500,8,26285633
G3Sailing49er_TSP_3840x1920_fps29.97_qp37_12931k,G3Sailing49er,51.10806232,3840,1920,yuv420p,29.97,500,8,25621282
G3Sailing49er_TSP_3840x1920_fps29.97_qp42_6697k,G3Sailing49er,52.1808893,3840,1920,yuv420p,29.97,500,8,24657917
G3Skiathos_ERP_7680x3840_fps29.97_qp27_78802k,G3Skiathos,63.93477401,7680,3840,yuv420p,29.97,320,8,78808321
G3Skiathos_ERP_7680x3840_fps29.97_qp37_11807k,G3Skiathos,54.8369198,7680,3840,yuv420p,29.97,320,8,11812163
G3Skiathos_ERP_7680x3840_fps29.97_qp42_2536k,G3Skiathos,22.45299799,7680,3840,yuv420p,29.97,320,8,2540550
G3Skiathos_RCMP_5760x3840_fps29.97_qp27_68279k,G3Skiathos,64.92931868,7680,3840,yuv420p,29.97,320,8,64664715
G3Skiathos_RCMP_5760x3840_fps29.97_qp37_8848k,G3Skiathos,46.5404971,7680,3840,yuv420p,29.97,320,8,48201363
G3Skiathos_RCMP_5760x3840_fps29.97_qp42_2086k,G3Skiathos,17.7152007,7680,3840,yuv420p,29.97,320,8,26059401
G3Skiathos_TSP_7680x3840_fps29.97_qp27_64507k,G3Skiathos,63.81986741,7680,3840,yuv420p,29.97,320,8,53037245
G3Skiathos_TSP_7680x3840_fps29.97_qp37_10398k,G3Skiathos,61.12234479,7680,3840,yuv420p,29.97,320,8,40186852
G3Skiathos_TSP_7680x3840_fps29.97_qp42_3284k,G3Skiathos,43.42278395,7680,3840,yuv420p,29.97,320,8,27434304
G3SkyrimHelgen_ERP_3840x2160_fps29.97_qp27_12839k,G3SkyrimHelgen,57.66814441,3840,2160,yuv420p,29.97,450,8,12843125
G3SkyrimHelgen_ERP_3840x2160_fps29.97_qp37_3009k,G3SkyrimHelgen,49.09913961,3840,2160,yuv420p,29.97,450,8,3012214
G3SkyrimHelgen_ERP_3840x2160_fps29.97_qp42_1324k,G3SkyrimHelgen,35.88439048,3840,2160,yuv420p,29.97,450,8,1326975
G3SkyrimHelgen_RCMP_2880x1920_fps29.97_qp27_7602k,G3SkyrimHelgen,57.33949194,3840,1920,yuv420p,29.97,450,8,14685587
G3SkyrimHelgen_RCMP_2880x1920_fps29.97_qp37_1407k,G3SkyrimHelgen,45.49240708,3840,1920,yuv420p,29.97,450,8,12898529
G3SkyrimHelgen_RCMP_2880x1920_fps29.97_qp42_578k,G3SkyrimHelgen,28.14662395,3840,1920,yuv420p,29.97,450,8,11807571
G3SkyrimHelgen_TSP_3840x1920_fps29.97_qp27_7679k,G3SkyrimHelgen,59.85141879,3840,1920,yuv420p,29.97,450,8,13808637
G3SkyrimHelgen_TSP_3840x1920_fps29.97_qp37_1567k,G3SkyrimHelgen,46.59542641,3840,1920,yuv420p,29.97,450,8,12540029
G3SkyrimHelgen_TSP_3840x1920_fps29.97_qp42_674k,G3SkyrimHelgen,29.91814799,3840,1920,yuv420p,29.97,450,8,11718824
G4Alcatraz_ERP_7680x3840_fps29.97_qp27_46637k,G4Alcatraz,55.09452604,7680,3840,yuv420p,29.97,330,8,46642228
G4Alcatraz_ERP_7680x3840_fps29.97_qp37_12609k,G4Alcatraz,42.05963227,7680,3840,yuv420p,29.97,330,8,12613652
G4Alcatraz_ERP_7680x3840_fps29.97_qp42_5877k,G4Alcatraz,44.53997138,7680,3840,yuv420p,29.97,330,8,5881738
G4Alcatraz_RCMP_5760x3840_fps29.97_qp27_46132k,G4Alcatraz,52.83984557,7680,3840,yuv420p,29.97,330,8,45408185
G4Alcatraz_RCMP_5760x3840_fps29.97_qp37_12044k,G4Alcatraz,49.4427163,7680,3840,yuv420p,29.97,330,8,40668298
G4Alcatraz_RCMP_5760x3840_fps29.97_qp42_5576k,G4Alcatraz,40.40407008,7680,3840,yuv420p,29.97,330,8,35316970
G4Alcatraz_TSP_7680x3840_fps29.97_qp27_48729k,G4Alcatraz,52.37707598,7680,3840,yuv420p,29.97,330,8,43118747
G4Alcatraz_TSP_7680x3840_fps29.97_qp37_13507k,G4Alcatraz,48.49265445,7680,3840,yuv420p,29.97,330,8,38834913
G4Alcatraz_TSP_7680x3840_fps29.97_qp42_6442k,G4Alcatraz,45.07536178,7680,3840,yuv420p,29.97,330,8,34099587
G4BikingInSaalbach_ERP_5600x2800_fps29.97_qp27_59876k,G4BikingInSaalbach,56.13810615,5600,2800,yuv420p,29.97,400,8,59881384
G4BikingInSaalbach_ERP_5600x2800_fps29.97_qp37_19310k,G4BikingInSaalbach,50.50579488,5600,2800,yuv420p,29.97,400,8,19314870
G4BikingInSaalbach_ERP_5600x2800_fps29.97_qp42_9360k,G4BikingInSaalbach,44.46245415,5600,2800,yuv420p,29.97,400,8,9364161
G4BikingInSaalbach_RCMP_4200x2800_fps29.97_qp27_51282k,G4BikingInSaalbach,53.61596223,5600,2800,yuv420p,29.97,400,8,57222100
G4BikingInSaalbach_RCMP_4200x2800_fps29.97_qp37_14076k,G4BikingInSaalbach,44.45592112,5600,2800,yuv420p,29.97,400,8,55723968
G4BikingInSaalbach_RCMP_4200x2800_fps29.97_qp42_6523k,G4BikingInSaalbach,44.55935279,5600,2800,yuv420p,29.97,400,8,51963235
G4BikingInSaalbach_TSP_5600x2800_fps29.97_qp27_49345k,G4BikingInSaalbach,56.36697208,5600,2800,yuv420p,29.97,400,8,54168198
G4BikingInSaalbach_TSP_5600x2800_fps29.97_qp37_14570k,G4BikingInSaalbach,44.63707957,5600,2800,yuv420p,29.97,400,8,52811334
G4BikingInSaalbach_TSP_5600x2800_fps29.97_qp42_7056k,G4BikingInSaalbach,48.65175726,5600,2800,yuv420p,29.97,400,8,49131220
G4CliffsideMansion_ERP_7680x3840_fps30_qp27_21044k,G4CliffsideMansion,59.66749511,7680,3840,yuv420p,30.0,300,8,21048852
G4CliffsideMansion_ERP_7680x3840_fps30_qp37_4698k,G4CliffsideMansion,51.71809186,7680,3840,yuv420p,30.0,300,8,4703076
G4CliffsideMansion_ERP_7680x3840_fps30_qp42_2239k,G4CliffsideMansion,32.67897846,7680,3840,yuv420p,30.0,300,8,2243983
G4CliffsideMansion_RCMP_5760x3840_fps30_qp27_15439k,G4CliffsideMansion,61.16030343,7680,3840,yuv420p,30.0,300,8,35199184
G4CliffsideMansion_RCMP_5760x3840_fps30_qp37_2866k,G4CliffsideMansion,47.33825127,7680,3840,yuv420p,30.0,300,8,34572050
G4CliffsideMansion_RCMP_5760x3840_fps30_qp42_1286k,G4CliffsideMansion,23.89290902,7680,3840,yuv420p,30.0,300,8,33990954
G4CliffsideMansion_TSP_7680x3840_fps30_qp27_17651k,G4CliffsideMansion,60.16873884,7680,3840,yuv420p,30.0,300,8,34007912
G4CliffsideMansion_TSP_7680x3840_fps30_qp37_3550k,G4CliffsideMansion,45.75822182,7680,3840,yuv420p,30.0,300,8,32704292
G4CliffsideMansion_TSP_7680x3840_fps30_qp42_1650k,G4CliffsideMansion,30.49205598,7680,3840,yuv420p,30.0,300,8,31704020
G4DrewBrees_ERP_3840x2160_fps29.97_qp27_15115k,G4DrewBrees,58.08649568,3840,2160,yuv420p,29.97,600,8,15118663
G4DrewBrees_ERP_3840x2160_fps29.97_qp37_4266k,G4DrewBrees,53.57704469,3840,2160,yuv420p,29.97,600,8,4270279
G4DrewBrees_ERP_3840x2160_fps29.97_qp42_2186k,G4DrewBrees,44.52537756,3840,2160,yuv420p,29.97,600,8,2189981
G4DrewBrees_RCMP_2880x1920_fps29.97_qp27_16373k,G4DrewBrees,61.49819598,3840,1920,yuv420p,29.97,600,8,15125934
G4DrewBrees_RCMP_2880x1920_fps29.97_qp37_4116k,G4DrewBrees,56.18572893,3840,1920,yuv420p,29.97,600,8,14624345
G4DrewBrees_RCMP_2880x1920_fps29.97_qp42_2077k,G4DrewBrees,40.33826118,3840,1920,yuv420p,29.97,600,8,14270596
G4DrewBrees_TSP_3840x1920_fps29.97_qp27_18647k,G4DrewBrees,58.98661076,3840,1920,yuv420p,29.97,600,8,14651521
G4DrewBrees_TSP_3840x1920_fps29.97_qp37_5244k,G4DrewBrees,61.41113502,3840,1920,yuv420p,29.97,600,8,14421217
G4DrewBrees_TSP_3840x1920_fps29.97_qp42_2695k,G4DrewBrees,50.72855204,3840,1920,yuv420p,29.97,600,8,14219165
G4HachaWaterfall_ERP_3840x1920_fps29.97_qp27_27203k,G4HachaWaterfall,56.71636946,3840,1920,yuv420p,29.97,380,8,27207684
G4HachaWaterfall_ERP_3840x1920_fps29.97_qp37_6897k,G4HachaWaterfall,49.5993922,3840,1920,yuv420p,29.97,380,8,6901367
G4HachaWaterfall_ERP_3840x1920_fps29.97_qp42_2776k,G4HachaWaterfall,45.31191429,3840,1920,yuv420p,29.97,380,8,2780220
G4HachaWaterfall_RCMP_2880x1920_fps29.97_qp27_27982k,G4HachaWaterfall,57.03531746,3840,1920,yuv420p,29.97,380,8,22120938
G4HachaWaterfall_RCMP_2880x1920_fps29.97_qp37_7149k,G4HachaWaterfall,48.23824749,3840,1920,yuv420p,29.97,380,8,19424338
G4HachaWaterfall_RCMP_2880x1920_fps29.97_qp42_2977k,G4HachaWaterfall,47.36471636,3840,1920,yuv420p,29.97,380,8,16034934
G4HachaWaterfall_TSP_3840x1920_fps29.97_qp27_35207k,G4HachaWaterfall,52.0931273,3840,1920,yuv420p,29.97,380,8,21397329
G4HachaWaterfall_TSP_3840x1920_fps29.97_qp37_10844k,G4HachaWaterfall,48.41991865,3840,1920,yuv420p,29.97,380,8,19046682
G4HachaWaterfall_TSP_3840x1920_fps29.97_qp42_5183k,G4HachaWaterfall,42.93097175,3840,1920,yuv420p,29.97,380,8,16360914
G4WingsuitFlight_ERP_3840x2048_fps29.97_qp27_12696k,G4WingsuitFlight,57.38605155,3840,2048,yuv420p,29.97,510,8,12700254
G4WingsuitFlight_ERP_3840x2048_fps29.97_qp37_3545k,G4WingsuitFlight,59.10386204,3840,2048,yuv420p,29.97,510,8,3548684
G4WingsuitFlight_ERP_3840x2048_fps29.97_qp42_1877k,G4WingsuitFlight,43.83474094,3840,2048,yuv420p,29.97,510,8,1881449
G4WingsuitFlight_RCMP_2880x1920_fps29.97_qp27_10195k,G4WingsuitFlight,57.39730209,3840,1920,yuv420p,29.97,510,8,13576332
G4WingsuitFlight_RCMP_2880x1920_fps29.97_qp37_2600k,G4WingsuitFlight,51.36004921,3840,1920,yuv420p,29.97,510,8,13283116
G4WingsuitFlight_RCMP_2880x1920_fps29.97_qp42_1341k,G4WingsuitFlight,44.69845307,3840,1920,yuv420p,29.97,510,8,13041027
G4WingsuitFlight_TSP_3840x1920_fps29.97_qp27_9198k,G4WingsuitFlight,62.6821344,3840,1920,yuv420p,29.97,510,8,13055267
G4WingsuitFlight_TSP_3840x1920_fps29.97_qp37_2378k,G4WingsuitFlight,57.3633932,3840,1920,yuv420p,29.97,510,8,12846927
G4WingsuitFlight_TSP_3840x1920_fps29.97_qp42_1226k,G4WingsuitFlight,46.53233686,3840,1920,yuv420p,29.97,510,8,12341474
G5AngelFalls_ERP_7680x3840_fps29.97_qp27_84178k,G5AngelFalls,60.35872625,7680,3840,yuv420p,29.97,300,8,84184008
G5AngelFalls_ERP_7680x3840_fps29.97_qp37_24236k,G5AngelFalls,50.54501522,7680,3840,yuv420p,29.97,300,8,24241393
G5AngelFalls_ERP_7680x3840_fps29.97_qp42_10699k,G5AngelFalls,43.3584937,7680,3840,yuv420p,29.97,300,8,10704030
G5AngelFalls_RCMP_5760x3840_fps29.97_qp27_71667k,G5AngelFalls,55.37378492,7680,3840,yuv420p,29.97,300,8,70702926
G5AngelFalls_RCMP_5760x3840_fps29.97_qp37_15355k,G5AngelFalls,49.78288012,7680,3840,yuv420p,29.97,300,8,64329695
G5AngelFalls_RCMP_5760x3840_fps29.97_qp42_5831k,G5AngelFalls,39.64258905,7680,3840,yuv420p,29.97,300,8,55544889
G5AngelFalls_TSP_7680x3840_fps29.97_qp27_64777k,G5AngelFalls,55.49106624,7680,3840,yuv420p,29.97,300,8,63451197
G5AngelFalls_TSP_7680x3840_fps29.97_qp37_14925k,G5AngelFalls,52.93214084,7680,3840,yuv420p,29.97,300,8,57971125
G5AngelFalls_TSP_7680x3840_fps29.97_qp42_6127k,G5AngelFalls,48.32296331,7680,3840,yuv420p,29.97,300,8,49647884
G5BearSwimming_ERP_3840x2048_fps23.976_qp27_10225k,G5BearSwimming,58.65317982,3840,2048,yuv420p,23.976,500,8,10228748
G5BearSwimming_ERP_3840x2048_fps23.976_qp37_2779k,G5BearSwimming,52.41359925,3840,2048,yuv420p,23.976,500,8,2782117
G5BearSwimming_ERP_3840x2048_fps23.976_qp42_1273k,G5BearSwimming,33.75462413,3840,2048,yuv420p,23.976,500,8,1276438
G5BearSwimming_RCMP_2880x1920_fps23.976_qp27_9182k,G5BearSwimming,56.781881,3840,1920,yuv420p,23.976,500,8,12118467
G5BearSwimming_RCMP_2880x1920_fps23.976_qp37_2414k,G5BearSwimming,43.75087466,3840,1920,yuv420p,23.976,500,8,10548624
G5BearSwimming_RCMP_2880x1920_fps23.976_qp42_1098k,G5BearSwimming,29.81509926,3840,1920,yuv420p,23.976,500,8,9320673
G5BearSwimming_TSP_3840x1920_fps23.976_qp27_7817k,G5BearSwimming,51.99345528,3840,1920,yuv420p,23.976,500,8,11088273
G5BearSwimming_TSP_3840x1920_fps23.976_qp37_1860k,G5BearSwimming,49.00494036,3840,1920,yuv420p,23.976,500,8,9202484
G5BearSwimming_TSP_3840x1920_fps23.976_qp42_784k,G5BearSwimming,33.91482598,3840,1920,yuv420p,23.976,500,8,7649163
G5EbinShader_ERP_7168x3584_fps30_qp27_31040k,G5EbinShader,56.37461493,7168,3584,yuv420p,30.0,330,8,31045463
G5EbinShader_ERP_7168x3584_fps30_qp37_4094k,G5EbinShader,57.2112172,7168,3584,yuv420p,30.0,330,8,4098645
G5EbinShader_ERP_7168x3584_fps30_qp42_1383k,G5EbinShader,45.73428734,7168,3584,yuv420p,30.0,330,8,1387565
G5EbinShader_RCMP_5376x3584_fps30_qp27_29798k,G5EbinShader,60.97133728,7168,3584,yuv420p,30.0,330,8,27624898
G5EbinShader_RCMP_5376x3584_fps30_qp37_3950k,G5EbinShader,54.28835409,7168,3584,yuv420p,30.0,330,8,21909309
G5EbinShader_RCMP_5376x3584_fps30_qp42_1341k,G5EbinShader,47.22203286,7168,3584,yuv420p,30.0,330,8,18486564
G5EbinShader_TSP_7168x3584_fps30_qp27_32180k,G5EbinShader,61.49233882,7168,3584,yuv420p,30.0,330,8,25539938
G5EbinShader_TSP_7168x3584_fps30_qp37_5346k,G5EbinShader,59.95837335,7168,3584,yuv420p,30.0,330,8,21641788
G5EbinShader_TSP_7168x3584_fps30_qp42_1804k,G5EbinShader,50.90038877,7168,3584,yuv420p,30.0,330,8,18396922
G5Neighborhood_ERP_3840x1920_fps23.976_qp27_24718k,G5Neighborhood,55.5697817,3840,1920,yuv420p,23.976,400,8,24721757
G5Neighborhood_ERP_3840x1920_fps23.976_qp37_7721k,G5Neighborhood,56.06926349,3840,1920,yuv420p,23.976,400,8,7724296
G5Neighborhood_ERP_3840x1920_fps23.976_qp42_3894k,G5Neighborhood,44.50648773,3840,1920,yuv420p,23.976,400,8,3897955
G5Neighborhood_RCMP_2880x1920_fps23.976_qp27_21854k,G5Neighborhood,59.76345971,3840,1920,yuv420p,23.976,400,8,24027854
G5Neighborhood_RCMP_2880x1920_fps23.976_qp37_6107k,G5Neighborhood,57.28095881,3840,1920,yuv420p,23.976,400,8,23324572
G5Neighborhood_RCMP_2880x1920_fps23.976_qp42_2920k,G5Neighborhood,43.33270678,3840,1920,yuv420p,23.976,400,8,21790771
G5Neighborhood_TSP_3840x1920_fps23.976_qp27_22320k,G5Neighborhood,58.63696195,3840,1920,yuv420p,23.976,400,8,23021161
G5Neighborhood_TSP_3840x1920_fps23.976_qp37_6466k,G5Neighborhood,55.16455482,3840,1920,yuv420p,23.976,400,8,22321218
G5Neighborhood_TSP_3840x1920_fps23.976_qp42_3151k,G5Neighborhood,43.20658404,3840,1920,yuv420p,23.976,400,8,21113282
G5ResistMarch_ERP_3840x1920_fps29.97_qp27_19898k,G5ResistMarch,60.36083393,3840,1920,yuv420p,29.97,300,8,19902963
G5ResistMarch_ERP_3840x1920_fps29.97_qp37_3644k,G5ResistMarch,48.77406578,3840,1920,yuv420p,29.97,300,8,3649498
G5ResistMarch_ERP_3840x1920_fps29.97_qp42_1484k,G5ResistMarch,35.96454177,3840,1920,yuv420p,29.97,300,8,1489067
G5ResistMarch_RCMP_2880x1920_fps29.97_qp27_19645k,G5ResistMarch,61.66726487,3840,1920,yuv420p,29.97,300,8,13958718
G5ResistMarch_RCMP_2880x1920_fps29.97_qp37_3568k,G5ResistMarch,43.82962861,3840,1920,yuv420p,29.97,300,8,12138084
G5ResistMarch_RCMP_2880x1920_fps29.97_qp42_1492k,G5ResistMarch,26.26440696,3840,1920,yuv420p,29.97,300,8,10176209
G5ResistMarch_TSP_3840x1920_fps29.97_qp27_21576k,G5ResistMarch,62.26998789,3840,1920,yuv420p,29.97,300,8,12526185
G5ResistMarch_TSP_3840x1920_fps29.97_qp37_4476k,G5ResistMarch,55.54357344,3840,1920,yuv420p,29.97,300,8,11365389
G5ResistMarch_TSP_3840x1920_fps29.97_qp42_1840k,G5ResistMarch,44.67364062,3840,1920,yuv420p,29.97,300,8,9926585
G5SubwayConstruction_ERP_3840x2160_fps23.976_qp27_10560k,G5SubwayConstruction,62.01698436,3840,2160,yuv420p,23.976,540,8,10563589
G5SubwayConstruction_ERP_3840x2160_fps23.976_qp37_2113k,G5SubwayConstruction,46.70872608,3840,2160,yuv420p,23.976,540,8,2115905
G5SubwayConstruction_ERP_3840x2160_fps23.976_qp42_1010k,G5SubwayConstruction,29.28835436,3840,2160,yuv420p,23.976,540,8,1013647
G5SubwayConstruction_RCMP_2880x1920_fps23.976_qp27_7860k,G5SubwayConstruction,59.46939998,3840,1920,yuv420p,23.976,540,8,12222405
G5SubwayConstruction_RCMP_2880x1920_fps23.976_qp37_1590k,G5SubwayConstruction,48.58911814,3840,1920,yuv420p,23.976,540,8,11091013
G5SubwayConstruction_RCMP_2880x1920_fps23.976_qp42_765k,G5SubwayConstruction,33.04302665,3840,1920,yuv420p,23.976,540,8,10921212
G5SubwayConstruction_TSP_3840x1920_fps23.976_qp27_9099k,G5SubwayConstruction,62.46854712,3840,1920,yuv420p,23.976,540,8,11816160
G5SubwayConstruction_TSP_3840x1920_fps23.976_qp37_2027k,G5SubwayConstruction,50.62266908,3840,1920,yuv420p,23.976,540,8,10985772
G5SubwayConstruction_TSP_3840x1920_fps23.976_qp42_961k,G5SubwayConstruction,34.8713873,3840,1920,yuv420p,23.976,540,8,10759855
G6AngelFallsClimbing_ERP_7680x3840_fps29.97_qp27_54581k,G6AngelFallsClimbing,63.41985732,7680,3840,yuv420p,29.97,320,8,54585939
G6AngelFallsClimbing_ERP_7680x3840_fps29.97_qp37_5981k,G6AngelFallsClimbing,56.47621472,7680,3840,yuv420p,29.97,320,8,5986108
G6AngelFallsClimbing_ERP_7680x3840_fps29.97_qp42_1663k,G6AngelFallsClimbing,30.00674885,7680,3840,yuv420p,29.97,320,8,1668053
G6AngelFallsClimbing_RCMP_5760x3840_fps29.97_qp27_38041k,G6AngelFallsClimbing,61.16220776,7680,3840,yuv420p,29.97,320,8,43988628
G6AngelFallsClimbing_RCMP_5760x3840_fps29.97_qp37_3582k,G6AngelFallsClimbing,54.09301878,7680,3840,yuv420p,29.97,320,8,35874437
G6AngelFallsClimbing_RCMP_5760x3840_fps29.97_qp42_1306k,G6AngelFallsClimbing,20.38460453,7680,3840,yuv420p,29.97,320,8,25661118
G6AngelFallsClimbing_TSP_7680x3840_fps29.97_qp27_29114k,G6AngelFallsClimbing,64.65449678,7680,3840,yuv420p,29.97,320,8,37833416
G6AngelFallsClimbing_TSP_7680x3840_fps29.97_qp37_3561k,G6AngelFallsClimbing,56.78367963,7680,3840,yuv420p,29.97,320,8,32486453
G6AngelFallsClimbing_TSP_7680x3840_fps29.97_qp42_1480k,G6AngelFallsClimbing,24.71943655,7680,3840,yuv420p,29.97,320,8,25918662
G6DragonTale_ERP_3840x2160_fps30_qp27_13868k,G6DragonTale,60.44738427,3840,2160,yuv420p,30.0,480,8,13871602
G6DragonTale_ERP_3840x2160_fps30_qp37_3984k,G6DragonTale,53.29478412,3840,2160,yuv420p,30.0,480,8,3987436
G6DragonTale_ERP_3840x2160_fps30_qp42_2057k,G6DragonTale,39.46492619,3840,2160,yuv420p,30.0,480,8,2060714
G6DragonTale_RCMP_2880x1920_fps30_qp27_13321k,G6DragonTale,60.83755535,3840,1920,yuv420p,30.0,480,8,15140643
G6DragonTale_RCMP_2880x1920_fps30_qp37_3770k,G6DragonTale,51.92029363,3840,1920,yuv420p,30.0,480,8,15418968
G6DragonTale_RCMP_2880x1920_fps30_qp42_1891k,G6DragonTale,39.33901166,3840,1920,yuv420p,30.0,480,8,15462895
G6DragonTale_TSP_3840x1920_fps30_qp27_16002k,G6DragonTale,60.97387807,3840,1920,yuv420p,30.0,480,8,14919289
G6DragonTale_TSP_3840x1920_fps30_qp37_4715k,G6DragonTale,50.91467081,3840,1920,yuv420p,30.0,480,8,15352080
G6DragonTale_TSP_3840x1920_fps30_qp42_2433k,G6DragonTale,48.14601094,3840,1920,yuv420p,30.0,480,8,15598061
G6GTRDriving_ERP_3840x2160_fps30_qp27_28748k,G6GTRDriving,61.54274532,3840,2160,yuv420p,30.0,300,8,28753555
G6GTRDriving_ERP_3840x2160_fps30_qp37_8912k,G6GTRDriving,58.33806218,3840,2160,yuv420p,30.0,300,8,8916887
G6GTRDriving_ERP_3840x2160_fps30_qp42_4245k,G6GTRDriving,52.60026222,3840,2160,yuv420p,30.0,300,8,4250491
G6GTRDriving_RCMP_2880x1920_fps30_qp27_28616k,G6GTRDriving,63.14646796,3840,1920,yuv420p,30.0,300,8,17764220
G6GTRDriving_RCMP_2880x1920_fps30_qp37_8454k,G6GTRDriving,56.36698937,3840,1920,yuv420p,30.0,300,8,16797141
G6GTRDriving_RCMP_2880x1920_fps30_qp42_4022k,G6GTRDriving,46.61954944,3840,1920,yuv420p,30.0,300,8,15655848
G6GTRDriving_TSP_3840x1920_fps30_qp27_26951k,G6GTRDriving,63.17698809,3840,1920,yuv420p,30.0,300,8,16412861
G6GTRDriving_TSP_3840x1920_fps30_qp37_8004k,G6GTRDriving,58.33091701,3840,1920,yuv420p,30.0,300,8,15600721
G6GTRDriving_TSP_3840x1920_fps30_qp42_3916k,G6GTRDriving,58.10696276,3840,1920,yuv420p,30.0,300,8,14591665
G6ManhattanNight_ERP_3840x2048_fps23.976_qp27_25693k,G6ManhattanNight,57.68781305,3840,2048,yuv420p,23.976,380,8,25697111
G6ManhattanNight_ERP_3840x2048_fps23.976_qp37_4067k,G6ManhattanNight,60.09790471,3840,2048,yuv420p,23.976,380,8,4070694
G6ManhattanNight_ERP_3840x2048_fps23.976_qp42_1273k,G6ManhattanNight,49.43536104,3840,2048,yuv420p,23.976,380,8,1276680
G6ManhattanNight_RCMP_2880x1920_fps23.976_qp27_22595k,G6ManhattanNight,61.41535866,3840,1920,yuv420p,23.976,380,8,15595142
G6ManhattanNight_RCMP_2880x1920_fps23.976_qp37_3282k,G6ManhattanNight,56.60415556,3840,1920,yuv420p,23.976,380,8,12248643
G6ManhattanNight_RCMP_2880x1920_fps23.976_qp42_979k,G6ManhattanNight,47.74836095,3840,1920,yuv420p,23.976,380,8,10328410
G6ManhattanNight_TSP_3840x1920_fps23.976_qp27_22474k,G6ManhattanNight,59.62310118,3840,1920,yuv420p,23.976,380,8,13941791
G6ManhattanNight_TSP_3840x1920_fps23.976_qp37_4050k,G6ManhattanNight,58.96030793,3840,1920,yuv420p,23.976,380,8,11683351
G6ManhattanNight_TSP_3840x1920_fps23.976_qp42_1308k,G6ManhattanNight,52.13297437,3840,1920,yuv420p,23.976,380,8,9798709
G6YeahBoy_ERP_7680x3840_fps29.97_qp27_2625k,G6YeahBoy,62.32939789,7680,3840,yuv420p,29.97,300,8,2629586
G6YeahBoy_ERP_7680x3840_fps29.97_qp37_572k,G6YeahBoy,27.06100677,7680,3840,yuv420p,29.97,300,8,576908
G6YeahBoy_ERP_7680x3840_fps29.97_qp42_713k,G6YeahBoy,25.50219321,7680,3840,yuv420p,29.97,300,8,718316
G6YeahBoy_RCMP_5760x3840_fps29.97_qp27_2336k,G6YeahBoy,57.29965714,7680,3840,yuv420p,29.97,300,8,9170686
G6YeahBoy_RCMP_5760x3840_fps29.97_qp37_512k,G6YeahBoy,25.79786999,7680,3840,yuv420p,29.97,300,8,4115473
G6YeahBoy_RCMP_5760x3840_fps29.97_qp42_638k,G6YeahBoy,22.06644552,7680,3840,yuv420p,29.97,300,8,4030730
G6YeahBoy_TSP_7680x3840_fps29.97_qp27_3426k,G6YeahBoy,63.25732557,7680,3840,yuv420p,29.97,300,8,8870218
G6YeahBoy_TSP_7680x3840_fps29.97_qp37_758k,G6YeahBoy,34.17996752,7680,3840,yuv420p,29.97,300,8,4302038
G6YeahBoy_TSP_7680x3840_fps29.97_qp42_775k,G6YeahBoy,26.8642564,7680,3840,yuv420p,29.97,300,8,4147503
G6YosemiteGliding_ERP_3840x2048_fps23.976_qp27_16349k,G6YosemiteGliding,61.46751741,3840,2048,yuv420p,23.976,360,8,16353333
G6YosemiteGliding_ERP_3840x2048_fps23.976_qp37_3425k,G6YosemiteGliding,46.83078273,3840,2048,yuv420p,23.976,360,8,3428728
G6YosemiteGliding_ERP_3840x2048_fps23.976_qp42_1325k,G6YosemiteGliding,39.83813571,3840,2048,yuv420p,23.976,360,8,1328999
G6YosemiteGliding_RCMP_2880x1920_fps23.976_qp27_13444k,G6YosemiteGliding,58.61911136,3840,1920,yuv420p,23.976,360,8,16514843
G6YosemiteGliding_RCMP_2880x1920_fps23.976_qp37_2522k,G6YosemiteGliding,49.34195055,3840,1920,yuv420p,23.976,360,8,14930642
G6YosemiteGliding_RCMP_2880x1920_fps23.976_qp42_936k,G6YosemiteGliding,32.01868,3840,1920,yuv420p,23.976,360,8,12623280
G6YosemiteGliding_TSP_3840x1920_fps23.976_qp27_11940k,G6YosemiteGliding,60.7626625,3840,1920,yuv420p,23.976,360,8,14604701
G6YosemiteGliding_TSP_3840x1920_fps23.976_qp37_2247k,G6YosemiteGliding,47.07091908,3840,1920,yuv420p,23.976,360,8,13137119
G6YosemiteGliding_TSP_3840x1920_fps23.976_qp42_884k,G6YosemiteGliding,40.71905889,3840,1920,yuv420p,23.976,360,8,11626890
G7AuroraQuartzLake_ERP_7680x3840_fps30_qp27_7342k,G7AuroraQuartzLake,68.50310025,7680,3840,yuv420p,30.0,300,8,7347252
G7AuroraQuartzLake_ERP_7680x3840_fps30_qp37_798k,G7AuroraQuartzLake,52.14018956,7680,3840,yuv420p,30.0,300,8,802518
G7AuroraQuartzLake_ERP_7680x3840_fps30_qp42_643k,G7AuroraQuartzLake,41.00103813,7680,3840,yuv420p,30.0,300,8,647741
G7AuroraQuartzLake_RCMP_5760x3840_fps30_qp27_5543k,G7AuroraQuartzLake,65.9283668,7680,3840,yuv420p,30.0,300,8,19183320
G7AuroraQuartzLake_RCMP_5760x3840_fps30_qp37_570k,G7AuroraQuartzLake,54.29601289,7680,3840,yuv420p,30.0,300,8,7113565
G7AuroraQuartzLake_RCMP_5760x3840_fps30_qp42_550k,G7AuroraQuartzLake,38.93943556,7680,3840,yuv420p,30.0,300,8,6744145
G7AuroraQuartzLake_TSP_7680x3840_fps30_qp27_8057k,G7AuroraQuartzLake,63.60153893,7680,3840,yuv420p,30.0,300,8,18432202
G7AuroraQuartzLake_TSP_7680x3840_fps30_qp37_1138k,G7AuroraQuartzLake,61.12817142,7680,3840,yuv420p,30.0,300,8,9168721
G7AuroraQuartzLake_TSP_7680x3840_fps30_qp42_695k,G7AuroraQuartzLake,40.58565708,7680,3840,yuv420p,30.0,300,8,7514212
G7DragonCastleAttatck_ERP_3840x2048_fps24_qp27_15133k,G7DragonCastleAttatck,62.26112647,3840,2048,yuv420p,24.0,600,8,15136262
G7DragonCastleAttatck_ERP_3840x2048_fps24_qp37_4272k,G7DragonCastleAttatck,51.35714854,3840,2048,yuv420p,24.0,600,8,4275439
G7DragonCastleAttatck_ERP_3840x2048_fps24_qp42_2084k,G7DragonCastleAttatck,41.76050536,3840,2048,yuv420p,24.0,600,8,2086737
G7DragonCastleAttatck_RCMP_2880x1920_fps24_qp27_12286k,G7DragonCastleAttatck,66.25524086,3840,1920,yuv420p,24.0,600,8,14497494
G7DragonCastleAttatck_RCMP_2880x1920_fps24_qp37_3258k,G7DragonCastleAttatck,52.77008085,3840,1920,yuv420p,24.0,600,8,14181119
G7DragonCastleAttatck_RCMP_2880x1920_fps24_qp42_1536k,G7DragonCastleAttatck,33.78371761,3840,1920,yuv420p,24.0,600,8,13467728
G7DragonCastleAttatck_TSP_3840x1920_fps24_qp27_12955k,G7DragonCastleAttatck,65.91566493,3840,1920,yuv420p,24.0,600,8,13722828
G7DragonCastleAttatck_TSP_3840x1920_fps24_qp37_3668k,G7DragonCastleAttatck,56.94755092,3840,1920,yuv420p,24.0,600,8,13501156
G7DragonCastleAttatck_TSP_3840x1920_fps24_qp42_1810k,G7DragonCastleAttatck,48.17376724,3840,1920,yuv420p,24.0,600,8,12945475
G7OrchestraOfSpheres_ERP_7680x3840_fps24_qp27_4824k,G7OrchestraOfSpheres,62.74623567,7680,3840,yuv420p,24.0,300,8,4827739
G7OrchestraOfSpheres_ERP_7680x3840_fps24_qp37_1330k,G7OrchestraOfSpheres,40.83870995,7680,3840,yuv420p,24.0,300,8,1334046
G7OrchestraOfSpheres_ERP_7680x3840_fps24_qp42_683k,G7OrchestraOfSpheres,21.55397791,7680,3840,yuv420p,24.0,300,8,686766
G7OrchestraOfSpheres_RCMP_5760x3840_fps24_qp27_4143k,G7OrchestraOfSpheres,63.54924952,7680,3840,yuv420p,24.0,300,8,15243489
G7OrchestraOfSpheres_RCMP_5760x3840_fps24_qp37_1196k,G7OrchestraOfSpheres,39.47979013,7680,3840,yuv420p,24.0,300,8,14115376
G7OrchestraOfSpheres_RCMP_5760x3840_fps24_qp42_611k,G7OrchestraOfSpheres,21.84255407,7680,3840,yuv420p,24.0,300,8,14613459
G7OrchestraOfSpheres_TSP_7680x3840_fps24_qp27_5527k,G7OrchestraOfSpheres,63.67118542,7680,3840,yuv420p,24.0,300,8,15203345
G7OrchestraOfSpheres_TSP_7680x3840_fps24_qp37_1572k,G7OrchestraOfSpheres,45.00094203,7680,3840,yuv420p,24.0,300,8,14614108
G7OrchestraOfSpheres_TSP_7680x3840_fps24_qp42_822k,G7OrchestraOfSpheres,31.75100004,7680,3840,yuv420p,24.0,300,8,14790348
G7PressConference_ERP_4096x2048_fps30_qp27_4909k,G7PressConference,55.91442398,4096,2048,yuv420p,30.0,300,8,4914560
G7PressConference_ERP_4096x2048_fps30_qp37_1038k,G7PressConference,40.73052732,4096,2048,yuv420p,30.0,300,8,1043259
G7PressConference_ERP_4096x2048_fps30_qp42_509k,G7PressConference,26.33502976,4096,2048,yuv420p,30.0,300,8,514130
G7PressConference_RCMP_3072x2048_fps30_qp27_4286k,G7PressConference,60.30935636,4096,2048,yuv420p,30.0,300,8,7208224
G7PressConference_RCMP_3072x2048_fps30_qp37_980k,G7PressConference,38.89039918,4096,2048,yuv420p,30.0,300,8,5570952
G7PressConference_RCMP_3072x2048_fps30_qp42_485k,G7PressConference,26.02798211,4096,2048,yuv420p,30.0,300,8,4846799
G7PressConference_TSP_4096x2048_fps30_qp27_5525k,G7PressConference,62.97959754,4096,2048,yuv420p,30.0,300,8,6853566
G7PressConference_TSP_4096x2048_fps30_qp37_1238k,G7PressConference,47.99649205,4096,2048,yuv420p,30.0,300,8,5364939
G7PressConference_TSP_4096x2048_fps30_qp42_635k,G7PressConference,32.61120862,4096,2048,yuv420p,30.0,300,8,4785740
G7Shooting_ERP_4096x2048_fps30_qp27_4387k,G7Shooting,58.23717345,4096,2048,yuv420p,30.0,300,8,4391433
G7Shooting_ERP_4096x2048_fps30_qp37_880k,G7Shooting,42.26596221,4096,2048,yuv420p,30.0,300,8,884907
G7Shooting_ERP_4096x2048_fps30_qp42_294k,G7Shooting,28.23330978,4096,2048,yuv420p,30.0,300,8,298414
G7Shooting_RCMP_3072x2048_fps30_qp27_3965k,G7Shooting,57.59007391,4096,2048,yuv420p,30.0,300,8,6525945
G7Shooting_RCMP_3072x2048_fps30_qp37_961k,G7Shooting,41.34638523,4096,2048,yuv420p,30.0,300,8,4259068
G7Shooting_RCMP_3072x2048_fps30_qp42_353k,G7Shooting,27.34945093,4096,2048,yuv420p,30.0,300,8,2748916
G7Shooting_TSP_4096x2048_fps30_qp27_7770k,G7Shooting,62.78658551,4096,2048,yuv420p,30.0,300,8,6316872
G7Shooting_TSP_4096x2048_fps30_qp37_1963k,G7Shooting,56.02353591,4096,2048,yuv420p,30.0,300,8,4690622
G7Shooting_TSP_4096x2048_fps30_qp42_906k,G7Shooting,46.93147535,4096,2048,yuv420p,30.0,300,8,3512299
G7UcaimaWaterfall_ERP_3840x1920_fps29.97_qp27_46307k,G7UcaimaWaterfall,62.81159034,3840,1920,yuv420p,29.97,320,8,46312316
G7UcaimaWaterfall_ERP_3840x1920_fps29.97_qp37_13551k,G7UcaimaWaterfall,59.96843305,3840,1920,yuv420p,29.97,320,8,13555753
G7UcaimaWaterfall_ERP_3840x1920_fps29.97_qp42_5233k,G7UcaimaWaterfall,53.07028403,3840,1920,yuv420p,29.97,320,8,5238416
G7UcaimaWaterfall_RCMP_2880x1920_fps29.97_qp27_46695k,G7UcaimaWaterfall,65.95173354,3840,1920,yuv420p,29.97,320,8,32931275
G7UcaimaWaterfall_RCMP_2880x1920_fps29.97_qp37_11088k,G7UcaimaWaterfall,62.54135544,3840,1920,yuv420p,29.97,320,8,28061797
G7UcaimaWaterfall_RCMP_2880x1920_fps29.97_qp42_4032k,G7UcaimaWaterfall,50.80016319,3840,1920,yuv420p,29.97,320,8,22243134
G7UcaimaWaterfall_TSP_3840x1920_fps29.97_qp27_35825k,G7UcaimaWaterfall,63.46169473,3840,1920,yuv420p,29.97,320,8,26970758
G7UcaimaWaterfall_TSP_3840x1920_fps29.97_qp37_8308k,G7UcaimaWaterfall,58.08511284,3840,1920,yuv420p,29.97,320,8,22215967
G7UcaimaWaterfall_TSP_3840x1920_fps29.97_qp42_3149k,G7UcaimaWaterfall,54.9687055,3840,1920,yuv420p,29.97,320,8,17452913
G8ANewEmpire_ERP_3840x2048_fps29.97_qp27_33327k,G8ANewEmpire,59.31040447,3840,2048,yuv420p,29.97,500,8,33331314
G8ANewEmpire_ERP_3840x2048_fps29.97_qp37_10885k,G8ANewEmpire,54.71229556,3840,2048,yuv420p,29.97,500,8,10889110
G8ANewEmpire_ERP_3840x2048_fps29.97_qp42_5571k,G8ANewEmpire,45.87072574,3840,2048,yuv420p,29.97,500,8,5574533
G8ANewEmpire_RCMP_2880x1920_fps29.97_qp27_31147k,G8ANewEmpire,60.78850909,3840,1920,yuv420p,29.97,500,8,29410382
G8ANewEmpire_RCMP_2880x1920_fps29.97_qp37_8905k,G8ANewEmpire,53.71212043,3840,1920,yuv420p,29.97,500,8,28657721
G8ANewEmpire_RCMP_2880x1920_fps29.97_qp42_4354k,G8ANewEmpire,38.58216516,3840,1920,yuv420p,29.97,500,8,27181438
G8ANewEmpire_TSP_3840x1920_fps29.97_qp27_31798k,G8ANewEmpire,59.04889116,3840,1920,yuv420p,29.97,500,8,27986780
G8ANewEmpire_TSP_3840x1920_fps29.97_qp37_9645k,G8ANewEmpire,56.8944797,3840,1920,yuv420p,29.97,500,8,27550757
G8ANewEmpire_TSP_3840x1920_fps29.97_qp42_4840k,G8ANewEmpire,54.47474868,3840,1920,yuv420p,29.97,500,8,26381203
G8AlpsParagliding_ERP_3840x1920_fps25_qp27_8437k,G8AlpsParagliding,64.48303588,3840,1920,yuv420p,25.0,300,8,8441009
G8AlpsParagliding_ERP_3840x1920_fps25_qp37_1995k,G8AlpsParagliding,48.7169493,3840,1920,yuv420p,25.0,300,8,1999535
G8AlpsParagliding_ERP_3840x1920_fps25_qp42_964k,G8AlpsParagliding,38.02808106,3840,1920,yuv420p,25.0,300,8,968420
G8AlpsParagliding_RCMP_2880x1920_fps25_qp27_6011k,G8AlpsParagliding,62.03747376,3840,1920,yuv420p,25.0,300,8,12095520
G8AlpsParagliding_RCMP_2880x1920_fps25_qp37_1377k,G8AlpsParagliding,50.89944682,3840,1920,yuv420p,25.0,300,8,11381685
G8AlpsParagliding_RCMP_2880x1920_fps25_qp42_667k,G8AlpsParagliding,39.73373739,3840,1920,yuv420p,25.0,300,8,10631997
G8AlpsParagliding_TSP_3840x1920_fps25_qp27_6609k,G8AlpsParagliding,61.23117803,3840,1920,yuv420p,25.0,300,8,11607471
G8AlpsParagliding_TSP_3840x1920_fps25_qp37_1492k,G8AlpsParagliding,49.90040578,3840,1920,yuv420p,25.0,300,8,11017642
G8AlpsParagliding_TSP_3840x1920_fps25_qp42_709k,G8AlpsParagliding,36.08660065,3840,1920,yuv420p,25.0,300,8,10369326
G8DivingWithSharks_ERP_7680x3840_fps29.97_qp27_42160k,G8DivingWithSharks,61.65032022,7680,3840,yuv420p,29.97,320,8,42165704
G8DivingWithSharks_ERP_7680x3840_fps29.97_qp37_12386k,G8DivingWithSharks,56.14242749,7680,3840,yuv420p,29.97,320,8,12391010
G8DivingWithSharks_ERP_7680x3840_fps29.97_qp42_5645k,G8DivingWithSharks,41.63244292,7680,3840,yuv420p,29.97,320,8,5649662
G8DivingWithSharks_RCMP_5760x3840_fps29.97_qp27_44505k,G8DivingWithSharks,62.59144921,7680,3840,yuv420p,29.97,320,8,52430340
G8DivingWithSharks_RCMP_5760x3840_fps29.97_qp37_13275k,G8DivingWithSharks,57.09172985,7680,3840,yuv420p,29.97,320,8,50738263
G8DivingWithSharks_RCMP_5760x3840_fps29.97_qp42_6268k,G8DivingWithSharks,47.90440815,7680,3840,yuv420p,29.97,320,8,47928824
G8DivingWithSharks_TSP_7680x3840_fps29.97_qp27_49119k,G8DivingWithSharks,60.81898332,7680,3840,yuv420p,29.97,320,8,50294500
G8DivingWithSharks_TSP_7680x3840_fps29.97_qp37_15430k,G8DivingWithSharks,58.16943283,7680,3840,yuv420p,29.97,320,8,47181009
G8DivingWithSharks_TSP_7680x3840_fps29.97_qp42_7752k,G8DivingWithSharks,54.45400282,7680,3840,yuv420p,29.97,320,8,44978052
G8Pagoda_ERP_4096x2048_fps30_qp27_12962k,G8Pagoda,59.21034793,4096,2048,yuv420p,30.0,300,8,12967248
G8Pagoda_ERP_4096x2048_fps30_qp37_1787k,G8Pagoda,50.15775202,4096,2048,yuv420p,30.0,300,8,1791743
G8Pagoda_ERP_4096x2048_fps30_qp42_663k,G8Pagoda,39.31863931,4096,2048,yuv420p,30.0,300,8,667544
G8Pagoda_RCMP_3072x2048_fps30_qp27_9384k,G8Pagoda,63.28523608,4096,2048,yuv420p,30.0,300,8,11001211
G8Pagoda_RCMP_3072x2048_fps30_qp37_1143k,G8Pagoda,49.09037712,4096,2048,yuv420p,30.0,300,8,9046980
G8Pagoda_RCMP_3072x2048_fps30_qp42_397k,G8Pagoda,29.58621644,4096,2048,yuv420p,30.0,300,8,7154216
G8Pagoda_TSP_4096x2048_fps30_qp27_10029k,G8Pagoda,67.55483098,4096,2048,yuv420p,30.0,300,8,10082890
G8Pagoda_TSP_4096x2048_fps30_qp37_1401k,G8Pagoda,56.4682064,4096,2048,yuv420p,30.0,300,8,8399899
G8Pagoda_TSP_4096x2048_fps30_qp42_530k,G8Pagoda,45.29734928,4096,2048,yuv420p,30.0,300,8,6953083
G8Salon_ERP_4096x2048_fps30_qp27_3503k,G8Salon,60.54592373,4096,2048,yuv420p,30.0,300,8,3507496
G8Salon_ERP_4096x2048_fps30_qp37_389k,G8Salon,29.90618951,4096,2048,yuv420p,30.0,300,8,393510
G8Salon_ERP_4096x2048_fps30_qp42_398k,G8Salon,27.34662849,4096,2048,yuv420p,30.0,300,8,402824
G8Salon_RCMP_3072x2048_fps30_qp27_2200k,G8Salon,54.41433554,4096,2048,yuv420p,30.0,300,8,5218972
G8Salon_RCMP_3072x2048_fps30_qp37_326k,G8Salon,28.17129088,4096,2048,yuv420p,30.0,300,8,1888462
G8Salon_RCMP_3072x2048_fps30_qp42_337k,G8Salon,29.87047182,4096,2048,yuv420p,30.0,300,8,1779628
G8Salon_TSP_4096x2048_fps30_qp27_2925k,G8Salon,64.51681386,4096,2048,yuv420p,30.0,300,8,4644048
G8Salon_TSP_4096x2048_fps30_qp37_362k,G8Salon,35.2522478,4096,2048,yuv420p,30.0,300,8,1796784
G8Salon_TSP_4096x2048_fps30_qp42_393k,G8Salon,27.30669718,4096,2048,yuv420p,30.0,300,8,1664510
G8YourMan_ERP_7680x3840_fps29.97_qp27_10412k,G8YourMan,64.0540352,7680,3840,yuv420p,29.97,300,8,10416942
G8YourMan_ERP_7680x3840_fps29.97_qp37_2519k,G8YourMan,49.70783394,7680,3840,yuv420p,29.97,300,8,2524074
G8YourMan_ERP_7680x3840_fps29.97_qp42_1193k,G8YourMan,32.93710278,7680,3840,yuv420p,29.97,300,8,1197526
G8YourMan_RCMP_5760x3840_fps29.97_qp27_8335k,G8YourMan,62.85473598,7680,3840,yuv420p,29.97,300,8,20497036
G8YourMan_RCMP_5760x3840_fps29.97_qp37_2171k,G8YourMan,50.23330042,7680,3840,yuv420p,29.97,300,8,16731984
G8YourMan_RCMP_5760x3840_fps29.97_qp42_1079k,G8YourMan,33.91839525,7680,3840,yuv420p,29.97,300,8,15120901
G8YourMan_TSP_7680x3840_fps29.97_qp27_9288k,G8YourMan,65.40167546,7680,3840,yuv420p,29.97,300,8,19699542
G8YourMan_TSP_7680x3840_fps29.97_qp37_2230k,G8YourMan,51.11000981,7680,3840,yuv420p,29.97,300,8,16847742
G8YourMan_TSP_7680x3840_fps29.97_qp42_1103k,G8YourMan,37.51691133,7680,3840,yuv420p,29.97,300,8,15346488
G9BloomingAppleOrchards_ERP_7680x3840_fps29.97_qp27_16794k,G9BloomingAppleOrchards,62.56477098,7680,3840,yuv420p,29.97,380,8,16798162
G9BloomingAppleOrchards_ERP_7680x3840_fps29.97_qp37_1837k,G9BloomingAppleOrchards,29.28629858,7680,3840,yuv420p,29.97,380,8,1840970
G9BloomingAppleOrchards_ERP_7680x3840_fps29.97_qp42_1811k,G9BloomingAppleOrchards,25.4957091,7680,3840,yuv420p,29.97,380,8,1815591
G9BloomingAppleOrchards_RCMP_5760x3840_fps29.97_qp27_13186k,G9BloomingAppleOrchards,61.60243643,7680,3840,yuv420p,29.97,380,8,26318985
G9BloomingAppleOrchards_RCMP_5760x3840_fps29.97_qp37_1555k,G9BloomingAppleOrchards,25.18740845,7680,3840,yuv420p,29.97,380,8,8408058
G9BloomingAppleOrchards_RCMP_5760x3840_fps29.97_qp42_1579k,G9BloomingAppleOrchards,23.36766082,7680,3840,yuv420p,29.97,380,8,8104482
G9BloomingAppleOrchards_TSP_7680x3840_fps29.97_qp27_14562k,G9BloomingAppleOrchards,64.08826846,7680,3840,yuv420p,29.97,380,8,23003274
G9BloomingAppleOrchards_TSP_7680x3840_fps29.97_qp37_1674k,G9BloomingAppleOrchards,31.73514663,7680,3840,yuv420p,29.97,380,8,9348930
G9BloomingAppleOrchards_TSP_7680x3840_fps29.97_qp42_1649k,G9BloomingAppleOrchards,33.37265917,7680,3840,yuv420p,29.97,380,8,7803260
G9ConcertLive_ERP_4096x2048_fps30_qp27_7102k,G9ConcertLive,62.5042302,4096,2048,yuv420p,30.0,300,8,7107500
G9ConcertLive_ERP_4096x2048_fps30_qp37_2256k,G9ConcertLive,54.75603668,4096,2048,yuv420p,30.0,300,8,2260760
G9ConcertLive_ERP_4096x2048_fps30_qp42_1246k,G9ConcertLive,43.12131094,4096,2048,yuv420p,30.0,300,8,1250742
G9ConcertLive_RCMP_3072x2048_fps30_qp27_6973k,G9ConcertLive,63.75076038,4096,2048,yuv420p,30.0,300,8,10111105
G9ConcertLive_RCMP_3072x2048_fps30_qp37_2237k,G9ConcertLive,54.6852327,4096,2048,yuv420p,30.0,300,8,9822528
G9ConcertLive_RCMP_3072x2048_fps30_qp42_1228k,G9ConcertLive,41.37901869,4096,2048,yuv420p,30.0,300,8,9215273
G9ConcertLive_TSP_4096x2048_fps30_qp27_8373k,G9ConcertLive,65.03567928,4096,2048,yuv420p,30.0,300,8,9962051
G9ConcertLive_TSP_4096x2048_fps30_qp37_2648k,G9ConcertLive,54.24412025,4096,2048,yuv420p,30.0,300,8,9622655
G9ConcertLive_TSP_4096x2048_fps30_qp42_1482k,G9ConcertLive,39.51211465,4096,2048,yuv420p,30.0,300,8,9193272
G9DivingWithJellyfish_ERP_7680x3840_fps25_qp27_11858k,G9DivingWithJellyfish,63.39299991,7680,3840,yuv420p,25.0,330,8,11862300
G9DivingWithJellyfish_ERP_7680x3840_fps25_qp37_2228k,G9DivingWithJellyfish,49.71777761,7680,3840,yuv420p,25.0,330,8,2231784
G9DivingWithJellyfish_ERP_7680x3840_fps25_qp42_876k,G9DivingWithJellyfish,33.59770735,7680,3840,yuv420p,25.0,330,8,880432
G9DivingWithJellyfish_RCMP_5760x3840_fps25_qp27_10269k,G9DivingWithJellyfish,62.88651739,7680,3840,yuv420p,25.0,330,8,27543999
G9DivingWithJellyfish_RCMP_5760x3840_fps25_qp37_2066k,G9DivingWithJellyfish,53.88823179,7680,3840,yuv420p,25.0,330,8,23859790
G9DivingWithJellyfish_RCMP_5760x3840_fps25_qp42_868k,G9DivingWithJellyfish,36.53927374,7680,3840,yuv420p,25.0,330,8,20041710
G9DivingWithJellyfish_TSP_7680x3840_fps25_qp27_11730k,G9DivingWithJellyfish,65.14200595,7680,3840,yuv420p,25.0,330,8,26576163
G9DivingWithJellyfish_TSP_7680x3840_fps25_qp37_2490k,G9DivingWithJellyfish,53.01672726,7680,3840,yuv420p,25.0,330,8,23448927
G9DivingWithJellyfish_TSP_7680x3840_fps25_qp42_1121k,G9DivingWithJellyfish,39.33610314,7680,3840,yuv420p,25.0,330,8,19808117
G9DrivingInCity_ERP_3840x1920_fps30_qp27_11315k,G9DrivingInCity,65.17867299,3840,1920,yuv420p,30.0,300,8,11319606
G9DrivingInCity_ERP_3840x1920_fps30_qp37_2350k,G9DrivingInCity,49.9746301,3840,1920,yuv420p,30.0,300,8,2354336
G9DrivingInCity_ERP_3840x1920_fps30_qp42_1069k,G9DrivingInCity,41.90604313,3840,1920,yuv420p,30.0,300,8,1074222
G9DrivingInCity_RCMP_2880x1920_fps30_qp27_10899k,G9DrivingInCity,63.40616556,3840,1920,yuv420p,30.0,300,8,10890231
G9DrivingInCity_RCMP_2880x1920_fps30_qp37_2331k,G9DrivingInCity,53.39811269,3840,1920,yuv420p,30.0,300,8,9710312
G9DrivingInCity_RCMP_2880x1920_fps30_qp42_1068k,G9DrivingInCity,42.72524956,3840,1920,yuv420p,30.0,300,8,9006344
G9DrivingInCity_TSP_3840x1920_fps30_qp27_12713k,G9DrivingInCity,63.37737876,3840,1920,yuv420p,30.0,300,8,10238187
G9DrivingInCity_TSP_3840x1920_fps30_qp37_2642k,G9DrivingInCity,61.39562369,3840,1920,yuv420p,30.0,300,8,9377416
G9DrivingInCity_TSP_3840x1920_fps30_qp42_1253k,G9DrivingInCity,45.29766042,3840,1920,yuv420p,30.0,300,8,8747056
G9FootballMatch_ERP_4096x2048_fps30_qp27_1529k,G9FootballMatch,62.06828553,4096,2048,yuv420p,30.0,300,8,1533508
G9FootballMatch_ERP_4096x2048_fps30_qp37_220k,G9FootballMatch,33.45369876,4096,2048,yuv420p,30.0,300,8,224447
G9FootballMatch_ERP_4096x2048_fps30_qp42_288k,G9FootballMatch,29.33268013,4096,2048,yuv420p,30.0,300,8,292700
G9FootballMatch_RCMP_3072x2048_fps30_qp27_1128k,G9FootballMatch,57.66218893,4096,2048,yuv420p,30.0,300,8,3603866
G9FootballMatch_RCMP_3072x2048_fps30_qp37_201k,G9FootballMatch,35.005916,4096,2048,yuv420p,30.0,300,8,1303960
G9FootballMatch_RCMP_3072x2048_fps30_qp42_225k,G9FootballMatch,27.86389528,4096,2048,yuv420p,30.0,300,8,1240601
G9FootballMatch_TSP_4096x2048_fps30_qp27_1830k,G9FootballMatch,64.65648408,4096,2048,yuv420p,30.0,300,8,3663301
G9FootballMatch_TSP_4096x2048_fps30_qp37_263k,G9FootballMatch,38.85764842,4096,2048,yuv420p,30.0,300,8,1302575
G9FootballMatch_TSP_4096x2048_fps30_qp42_300k,G9FootballMatch,30.91302367,4096,2048,yuv420p,30.0,300,8,1227294
G9GreatWall_ERP_4096x2048_fps30_qp27_43911k,G9GreatWall,63.91723158,4096,2048,yuv420p,30.0,300,8,43916848
G9GreatWall_ERP_4096x2048_fps30_qp37_7750k,G9GreatWall,62.07210353,4096,2048,yuv420p,30.0,300,8,7755104
G9GreatWall_ERP_4096x2048_fps30_qp42_3096k,G9GreatWall,53.55906548,4096,2048,yuv420p,30.0,300,8,3100578
G9GreatWall_RCMP_3072x2048_fps30_qp27_33606k,G9GreatWall,63.25004153,4096,2048,yuv420p,30.0,300,8,24353976
G9GreatWall_RCMP_3072x2048_fps30_qp37_4839k,G9GreatWall,63.1587859,4096,2048,yuv420p,30.0,300,8,20481704
G9GreatWall_RCMP_3072x2048_fps30_qp42_1664k,G9GreatWall,49.82412595,4096,2048,yuv420p,30.0,300,8,17373473
G9GreatWall_TSP_4096x2048_fps30_qp27_29174k,G9GreatWall,69.30613443,4096,2048,yuv420p,30.0,300,8,20542036
G9GreatWall_TSP_4096x2048_fps30_qp37_4905k,G9GreatWall,62.12825415,4096,2048,yuv420p,30.0,300,8,18237699
G9GreatWall_TSP_4096x2048_fps30_qp42_1875k,G9GreatWall,53.10469322,4096,2048,yuv420p,30.0,300,8,15727875
G10BoatInPark_ERP_4096x2048_fps30_qp27_14547k,G10BoatInPark,65.58003323,4096,2048,yuv420p,30.0,300,8,14551886
G10BoatInPark_ERP_4096x2048_fps30_qp37_3270k,G10BoatInPark,59.35535145,4096,2048,yuv420p,30.0,300,8,3275236
G10BoatInPark_ERP_4096x2048_fps30_qp42_1507k,G10BoatInPark,45.89000052,4096,2048,yuv420p,30.0,300,8,1511577
G10BoatInPark_RCMP_3072x2048_fps30_qp27_11884k,G10BoatInPark,68.22582895,4096,2048,yuv420p,30.0,300,8,14944276
G10BoatInPark_RCMP_3072x2048_fps30_qp37_2514k,G10BoatInPark,57.10743251,4096,2048,yuv420p,30.0,300,8,12839251
G10BoatInPark_RCMP_3072x2048_fps30_qp42_1095k,G10BoatInPark,45.38968578,4096,2048,yuv420p,30.0,300,8,11401656
G10BoatInPark_TSP_4096x2048_fps30_qp27_12477k,G10BoatInPark,66.89661231,4096,2048,yuv420p,30.0,300,8,13755568
G10BoatInPark_TSP_4096x2048_fps30_qp37_2592k,G10BoatInPark,59.57987778,4096,2048,yuv420p,30.0,300,8,11816824
G10BoatInPark_TSP_4096x2048_fps30_qp42_1172k,G10BoatInPark,52.57550342,4096,2048,yuv420p,30.0,300,8,10434147
G10BodybuildingWorkout_ERP_7680x3840_fps29.97_qp27_6105k,G10BodybuildingWorkout,64.6943201,7680,3840,yuv420p,29.97,300,8,6110199
G10BodybuildingWorkout_ERP_7680x3840_fps29.97_qp37_913k,G10BodybuildingWorkout,42.96194544,7680,3840,yuv420p,29.97,300,8,918192
G10BodybuildingWorkout_ERP_7680x3840_fps29.97_qp42_697k,G10BodybuildingWorkout,32.42071706,7680,3840,yuv420p,29.97,300,8,701544
G10BodybuildingWorkout_RCMP_5760x3840_fps29.97_qp27_6488k,G10BodybuildingWorkout,63.06672958,7680,3840,yuv420p,29.97,300,8,13667064
G10BodybuildingWorkout_RCMP_5760x3840_fps29.97_qp37_1036k,G10BodybuildingWorkout,53.69048605,7680,3840,yuv420p,29.97,300,8,6703982
G10BodybuildingWorkout_RCMP_5760x3840_fps29.97_qp42_565k,G10BodybuildingWorkout,34.98368862,7680,3840,yuv420p,29.97,300,8,5471309
G10BodybuildingWorkout_TSP_7680x3840_fps29.97_qp27_9017k,G10BodybuildingWorkout,61.57120329,7680,3840,yuv420p,29.97,300,8,12817341
G10BodybuildingWorkout_TSP_7680x3840_fps29.97_qp37_1568k,G10BodybuildingWorkout,52.50133353,7680,3840,yuv420p,29.97,300,8,7403118
G10BodybuildingWorkout_TSP_7680x3840_fps29.97_qp42_742k,G10BodybuildingWorkout,36.86872141,7680,3840,yuv420p,29.97,300,8,5787098
G10BuddhaCave_ERP_4096x2048_fps30_qp27_1289k,G10BuddhaCave,61.89612367,4096,2048,yuv420p,30.0,300,8,1293922
G10BuddhaCave_ERP_4096x2048_fps30_qp37_236k,G10BuddhaCave,38.53623532,4096,2048,yuv420p,30.0,300,8,240496
G10BuddhaCave_ERP_4096x2048_fps30_qp42_170k,G10BuddhaCave,26.56399934,4096,2048,yuv420p,30.0,300,8,175001
G10BuddhaCave_RCMP_3072x2048_fps30_qp27_1308k,G10BuddhaCave,61.64804121,4096,2048,yuv420p,30.0,300,8,3242295
G10BuddhaCave_RCMP_3072x2048_fps30_qp37_256k,G10BuddhaCave,41.9051265,4096,2048,yuv420p,30.0,300,8,1646812
G10BuddhaCave_RCMP_3072x2048_fps30_qp42_143k,G10BuddhaCave,27.69146895,4096,2048,yuv420p,30.0,300,8,1164712
G10BuddhaCave_TSP_4096x2048_fps30_qp27_2506k,G10BuddhaCave,68.17702374,4096,2048,yuv420p,30.0,300,8,3203008
G10BuddhaCave_TSP_4096x2048_fps30_qp37_471k,G10BuddhaCave,49.75997692,4096,2048,yuv420p,30.0,300,8,1778400
G10BuddhaCave_TSP_4096x2048_fps30_qp42_233k,G10BuddhaCave,37.05244609,4096,2048,yuv420p,30.0,300,8,1411244
G10DrivingInCountry_ERP_3840x1920_fps30_qp27_27706k,G10DrivingInCountry,61.21512464,3840,1920,yuv420p,30.0,300,8,27711120
G10DrivingInCountry_ERP_3840x1920_fps30_qp37_5475k,G10DrivingInCountry,52.41658117,3840,1920,yuv420p,30.0,300,8,5480223
G10DrivingInCountry_ERP_3840x1920_fps30_qp42_2103k,G10DrivingInCountry,38.7336468,3840,1920,yuv420p,30.0,300,8,2108008
G10DrivingInCountry_RCMP_2880x1920_fps30_qp27_20902k,G10DrivingInCountry,63.66036079,3840,1920,yuv420p,30.0,300,8,19234432
G10DrivingInCountry_RCMP_2880x1920_fps30_qp37_3808k,G10DrivingInCountry,47.80911685,3840,1920,yuv420p,30.0,300,8,16974772
G10DrivingInCountry_RCMP_2880x1920_fps30_qp42_1437k,G10DrivingInCountry,37.14914499,3840,1920,yuv420p,30.0,300,8,14582163
G10DrivingInCountry_TSP_3840x1920_fps30_qp27_23963k,G10DrivingInCountry,64.87320622,3840,1920,yuv420p,30.0,300,8,17260911
G10DrivingInCountry_TSP_3840x1920_fps30_qp37_4664k,G10DrivingInCountry,56.26141529,3840,1920,yuv420p,30.0,300,8,15787982
G10DrivingInCountry_TSP_3840x1920_fps30_qp42_1955k,G10DrivingInCountry,48.43501538,3840,1920,yuv420p,30.0,300,8,13904573
G10PandaBaseChengdu_ERP_7680x3840_fps29.97_qp27_12254k,G10PandaBaseChengdu,68.56136857,7680,3840,yuv420p,29.97,600,8,12258265
G10PandaBaseChengdu_ERP_7680x3840_fps29.97_qp37_1499k,G10PandaBaseChengdu,41.72072288,7680,3840,yuv420p,29.97,600,8,1503275
G10PandaBaseChengdu_ERP_7680x3840_fps29.97_qp42_1044k,G10PandaBaseChengdu,27.03419968,7680,3840,yuv420p,29.97,600,8,1047740
G10PandaBaseChengdu_RCMP_5760x3840_fps29.97_qp27_11238k,G10PandaBaseChengdu,67.50640947,7680,3840,yuv420p,29.97,600,8,23682620
G10PandaBaseChengdu_RCMP_5760x3840_fps29.97_qp37_1390k,G10PandaBaseChengdu,42.2041366,7680,3840,yuv420p,29.97,600,8,17302534
G10PandaBaseChengdu_RCMP_5760x3840_fps29.97_qp42_901k,G10PandaBaseChengdu,28.68152367,7680,3840,yuv420p,29.97,600,8,12803504
G10PandaBaseChengdu_TSP_7680x3840_fps29.97_qp27_16522k,G10PandaBaseChengdu,68.26853302,7680,3840,yuv420p,29.97,600,8,22590777
G10PandaBaseChengdu_TSP_7680x3840_fps29.97_qp37_2799k,G10PandaBaseChengdu,54.64359253,7680,3840,yuv420p,29.97,600,8,17437555
G10PandaBaseChengdu_TSP_7680x3840_fps29.97_qp42_1196k,G10PandaBaseChengdu,37.92296262,7680,3840,yuv420p,29.97,600,8,13062255
G10XiaoGuang_ERP_4096x2048_fps30_qp27_2502k,G10XiaoGuang,64.61335175,4096,2048,yuv420p,30.0,300,8,2506475
G10XiaoGuang_ERP_4096x2048_fps30_qp37_644k,G10XiaoGuang,46.87781121,4096,2048,yuv420p,30.0,300,8,648798
G10XiaoGuang_ERP_4096x2048_fps30_qp42_393k,G10XiaoGuang,29.93815615,4096,2048,yuv420p,30.0,300,8,398128
G10XiaoGuang_RCMP_3072x2048_fps30_qp27_2437k,G10XiaoGuang,64.34275237,4096,2048,yuv420p,30.0,300,8,4649658
G10XiaoGuang_RCMP_3072x2048_fps30_qp37_645k,G10XiaoGuang,48.00577774,4096,2048,yuv420p,30.0,300,8,3312537
G10XiaoGuang_RCMP_3072x2048_fps30_qp42_322k,G10XiaoGuang,24.47623685,4096,2048,yuv420p,30.0,300,8,2679353
G10XiaoGuang_TSP_4096x2048_fps30_qp27_2813k,G10XiaoGuang,64.28296092,4096,2048,yuv420p,30.0,300,8,4377672
G10XiaoGuang_TSP_4096x2048_fps30_qp37_666k,G10XiaoGuang,47.0490618,4096,2048,yuv420p,30.0,300,8,3156011
G10XiaoGuang_TSP_4096x2048_fps30_qp42_344k,G10XiaoGuang,26.72691729,4096,2048,yuv420p,30.0,300,8,2572692
